"Indicator","Point_Estimate","Point_Prevalence_Pct","Bootstrap_Mean","Bootstrap_SD","CI_Lower","CI_Upper","CI_Width","N_Bootstrap"
"Excessive Hours",26243.7290862375,2.67793153941199,21981.8289229231,7823.09558815091,13810.5802297151,42759.4409178595,28948.8606881444,50
"Pay Issues",24457.2549095916,2.49563825608078,23474.2728473529,8518.49785920084,14652.5951002189,41366.515370194,26713.9202699751,50
"Threats Abuse",23914.3215369771,2.44023689152827,22417.7317999011,8083.06731418074,14398.4925734053,42114.4884022911,27715.9958288859,50
"Access to Help",17417.3672215503,1.77728236954595,14738.2938681425,8189.98064935829,5342.12835299213,30365.7476209591,25023.6192679669,50
"Document Withholding",10249.4356934517,1.04586078504609,3690.40283732463,2937.30690724559,640.94569198275,12026.9795997082,11386.0339077255,50
