"indicator","indicator_clean","point_estimate","methods_available","simple_ci_lower","simple_ci_upper","nb_ci_lower","nb_ci_upper","tb_ci_lower","tb_ci_upper","combined_ci_lower","combined_ci_upper","combined_ci_width","estimate_with_ci"
"whether_exploitation","Overall exploitation indicator",0.977413222407159,"simple, neighborhood, tree",0.936518247271887,1,0.988830969208868,1,0.918068573445671,1,0.918068573445671,1,0.0819314265543286,"97.7% (91.8–100.0)"
"excessive_hours_rds","Excessive working hours",0.842306647772648,"simple, neighborhood, tree",0.72243868462621,0.935584257757037,0.725589113181405,0.928175268186907,0.711233180260056,0.932479533111777,0.711233180260056,0.935584257757037,0.224351077496981,"84.2% (71.1–93.6)"
"access_to_help_rds","Limited access to help",0.60552192934103,"simple, neighborhood, tree",0.451805707913045,0.741179038851357,0.550334960819248,0.803612887289464,0.408577758504888,0.73646496070532,0.408577758504888,0.803612887289464,0.395035128784576,"60.6% (40.9–80.4)"
"threats_abuse_rds","Threats and abuse",0.568627503703962,"simple, neighborhood, tree",0.423381934867681,0.721061942771896,0.404284930428105,0.718765056021502,0.382202759253312,0.760446053953256,0.382202759253312,0.760446053953256,0.378243294699944,"56.9% (38.2–76.0)"
"pay_issues_rds","Pay-related issues",0.515739488409487,"simple, neighborhood, tree",0.365202699078869,0.654763786078354,0.351441250641647,0.645333304250491,0.320598709788861,0.686786378665001,0.320598709788861,0.686786378665001,0.36618766887614,"51.6% (32.1–68.7)"
"composite_risk","Composite risk score",0.369735183477234,"simple, neighborhood, tree",0.30909677548331,0.440190357794735,0.330072536458443,0.440871561017963,0.296451610709141,0.447480971762326,0.296451610709141,0.447480971762326,0.151029361053184,"37.0% (29.6–44.7)"
"document_withholding_rds","Document withholding",0.353805737579289,"simple, neighborhood, tree",0.210877764564116,0.498030293857564,0.251033348336402,0.555920770806731,0.154975649826908,0.519379263980599,0.154975649826908,0.555920770806731,0.400945120979823,"35.4% (15.5–55.6)"
