indicator,population_size,seed_selection,point_estimate,ci_lower,ci_upper,se,estimate_with_ci
document_withholding_rds,50000,degree,0.3644843335018216,0.17614171382946334,0.5528269531741798,0.44717304682582015,"36.4% (17.6%, 55.3%)"
pay_issues_rds,50000,degree,0.49165557882907235,0.34817500385832967,0.635136153799815,0.36486384620018497,"49.2% (34.8%, 63.5%)"
threats_abuse_rds,50000,degree,0.5626707835865843,0.398722648722576,0.7266189184505926,0.27338108154940743,"56.3% (39.9%, 72.7%)"
excessive_hours_rds,50000,degree,0.8483350493044015,0.7230110753863375,0.9736590232224656,0.02634097677753444,"84.8% (72.3%, 97.4%)"
access_to_help_rds,50000,degree,0.6005266488997579,0.46675756266611024,0.7342957351334056,0.2657042648665944,"60.1% (46.7%, 73.4%)"
whether_exploitation,50000,degree,0.9530058619443289,0.6678674602486571,0.99994,5.999999999994898e-5,"95.3% (66.8%, 100.0%)"
composite_risk,50000,degree,0.059446377733040956,6e-5,0.303477660301617,0.6965223396983831,"5.9% (0.0%, 30.3%)"
sum_categories,50000,degree,0.05876774811075753,6e-5,0.2972207914450002,0.7027792085549998,"5.9% (0.0%, 29.7%)"
