indicator,population_size,seed_selection,point_estimate,ci_lower,ci_upper,se,estimate_with_ci
document_withholding_rds,50000,degree,0.36446315512972005,0.18018614078212433,0.5487401694773157,0.45125983052268426,"36.4% (18.0%, 54.9%)"
pay_issues_rds,50000,degree,0.49087963699850573,0.3476854332325376,0.6340738407644739,0.36592615923552607,"49.1% (34.8%, 63.4%)"
threats_abuse_rds,50000,degree,0.5626780556117987,0.39914450458580875,0.7262116066377887,0.2737883933622113,"56.3% (39.9%, 72.6%)"
excessive_hours_rds,50000,degree,0.8467585619702084,0.7227849625773335,0.9707321613630833,0.029267838636916732,"84.7% (72.3%, 97.1%)"
access_to_help_rds,50000,degree,0.6012064160010154,0.46642084416257784,0.735991987839453,0.26400801216054703,"60.1% (46.6%, 73.6%)"
whether_exploitation,50000,degree,0.953403383378502,0.6709639740117651,0.99994,5.999999999994898e-5,"95.3% (67.1%, 100.0%)"
composite_risk,50000,degree,0.05881702278173927,6e-5,0.2950484198647218,0.7049515801352781,"5.9% (0.0%, 29.5%)"
sum_categories,50000,degree,0.05881702278173927,6e-5,0.2950484198647218,0.7049515801352781,"5.9% (0.0%, 29.5%)"
