"indicator","cluster","population_size","estimate_pct","ci_lower_pct","ci_upper_pct","n_obs","n_trait","convergence","estimate_with_ci"
"document_withholding_rds","Overall",980000,0.079773359534289,0.0165129368539665,0.693011607944433,85,22,"success","0.1% (0.0-0.7%)"
"pay_issues_rds","Overall",980000,0.208616305415662,0.0431651764938636,1.55623100303951,85,48,"success","0.2% (0.0-1.6%)"
"threats_abuse_rds","Overall",980000,0.199632668062034,0.0417667841050361,1.73341150679344,85,51,"success","0.2% (0.0-1.7%)"
"excessive_hours_rds","Overall",980000,0.275797899081925,0.056143559080569,2.74442538593482,85,70,"success","0.3% (0.1-2.7%)"
"access_to_help_rds","Overall",980000,0.204540327755421,0.0393741993326877,1.66641160366611,85,49,"success","0.2% (0.0-1.7%)"
