"indicator","cluster","population_size","estimate_pct","ci_lower_pct","ci_upper_pct","n_obs","n_trait","convergence","estimate_with_ci"
"document_withholding_rds","Overall",980000,0.0771187671429323,0.0157554045065828,0.731443770260161,85,22,"success","0.1% (0.0-0.7%)"
"pay_issues_rds","Overall",980000,0.175840677795477,0.0344199891218493,1.38950202273862,85,48,"success","0.2% (0.0-1.4%)"
"threats_abuse_rds","Overall",980000,0.212033297043765,0.0468077353912828,1.74597740499829,85,51,"success","0.2% (0.0-1.7%)"
"excessive_hours_rds","Overall",980000,0.261784617902351,0.0495575221238938,2.41648039630279,85,70,"success","0.3% (0.0-2.4%)"
"access_to_help_rds","Overall",980000,0.134526840822736,0.0318523662326565,1.43485677054737,85,49,"success","0.1% (0.0-1.4%)"
