"config_id","method","prior_size","visibility_distribution","burnin","samplesize","interval","population_estimate","ci_lower","ci_upper","computation_time_mins","n_observations","has_error"
"SS_PSE_prior980000_cmp_cores10_burn1000_samp500_int5","SS_PSE",980000,"cmp",1000,500,5,774.641922504892,642.5667,845.174261252446,0.263529666264852,85,FALSE
"SS_PSE_prior980000_nbinom_cores4_burn100_samp200_int10","SS_PSE",980000,"nbinom",100,200,10,777.150718199609,653.1335,845.451859099804,0.0619819164276123,85,FALSE
"SS_PSE_prior980000_nbinom_cores4_burn100_samp200_int10","SS_PSE",980000,"nbinom",100,200,10,777.150718199609,653.1335,845.451859099804,0.0619819164276123,85,FALSE
"SS_PSE_prior980000_nbinom_cores4_burn100_samp200_int10","SS_PSE",980000,"nbinom",100,200,10,777.150718199609,653.1335,845.451859099804,0.0619819164276123,85,FALSE
"SS_PSE_prior980000_burn100_samp200","SS_PSE",980000,NA,100,200,NA,777.094522504892,642.8655,845.601761252446,0.0616870482762655,85,FALSE
