"indicator","pop_size","pop_label","method","method_type","estimate","se","ci_lower","ci_upper","uncertainty_method","convergence_info","error_msg","indicator_clean","method_clean","uncertainty_clean","estimate_pct","ci_lower_pct","ci_upper_pct","se_pct","estimate_with_ci"
"document_withholding_rds",980000,"980K","RDS_II","frequentist",0.342444965586162,0.0790253139211552,0.252959464764108,0.563006500463801,"neighb_bootstrap","No info",NA,"Document withholding","RDS-II","Neighboot",34.2444965586162,25.2959464764108,56.3006500463801,7.90253139211552,"34.2% (25.3–56.3)"
"pay_issues_rds",980000,"980K","RDS_II","frequentist",0.496527013804293,0.0746887043836133,0.345331159077942,0.637332189878681,"neighb_bootstrap","No info",NA,"Pay-related issues","RDS-II","Neighboot",49.6527013804293,34.5331159077942,63.7332189878681,7.46887043836133,"49.7% (34.5–63.7)"
"threats_abuse_rds",980000,"980K","RDS_II","frequentist",0.5722487861393,0.0794386670522112,0.40805000182811,0.718868866415514,"neighb_bootstrap","No info",NA,"Threats and abuse","RDS-II","Neighboot",57.22487861393,40.805000182811,71.8868866415514,7.94386670522112,"57.2% (40.8–71.9)"
"excessive_hours_rds",980000,"980K","RDS_II","frequentist",0.837284529663637,0.054906442755289,0.716310128026981,0.927191689909438,"neighb_bootstrap","No info",NA,"Excessive working hours","RDS-II","Neighboot",83.7284529663637,71.6310128026981,92.7191689909438,5.4906442755289,"83.7% (71.6–92.7)"
"access_to_help_rds",980000,"980K","RDS_II","frequentist",0.593632888454803,0.0634150844879522,0.55291451418444,0.798168431531268,"neighb_bootstrap","No info",NA,"Limited access to help","RDS-II","Neighboot",59.3632888454803,55.291451418444,79.8168431531268,6.34150844879522,"59.4% (55.3–79.8)"
"composite_risk",980000,"980K","RDS_II","frequentist",0.369097054893396,0.0284062665971198,0.327836503771651,0.439558761714134,"neighb_bootstrap","No info",NA,"Composite risk score","RDS-II","Neighboot",36.9097054893396,32.7836503771651,43.9558761714134,2.84062665971198,"36.9% (32.8–44.0)"
"whether_exploitation",980000,"980K","RDS_II","frequentist",0.972452234141699,0.00326034726447058,0.988951108953439,1,"neighb_bootstrap","No info",NA,"Overall exploitation indicator","RDS-II","Neighboot",97.2452234141699,98.8951108953439,100,0.326034726447058,"97.2% (98.9–100.0)"
