"indicator","estimate","confidence","estimate_pct","indicator_base","indicator_clean","ci_lower","ci_upper","estimate_with_ci"
"whether_exploitation",0.972452234141699,"High",97.2452234141699,"whether_exploitation","Overall exploitation indicator",0.931809253338913,1,"97.2% (93.2–100.0)"
"excessive_hours_rds",0.837284529663637,NA,83.7284529663637,"excessive_hours","Excessive working hours",0.712547512106589,0.925233430870768,"83.7% (71.3–92.5)"
"access_to_help_rds",0.593632888454803,NA,59.3632888454803,"access_to_help","Limited access to help",0.444591597983534,0.735489334989721,"59.4% (44.5–73.5)"
"threats_abuse_rds",0.5722487861393,NA,57.22487861393,"threats_abuse","Threats and abuse",0.409747648614152,0.734763474460019,"57.2% (41.0–73.5)"
"pay_issues_rds",0.496527013804293,NA,49.6527013804293,"pay_issues","Pay-related issues",0.342975029806658,0.653294145708135,"49.7% (34.3–65.3)"
"composite_risk",0.369097054893396,"High",36.9097054893396,"composite_risk","Composite risk score",0.306862046802465,0.437170443750924,"36.9% (30.7–43.7)"
"document_withholding_rds",0.342444965586162,NA,34.2444965586162,"document_withholding","Document withholding",0.21538307381891,0.482872171996995,"34.2% (21.5–48.3)"
