"indicator","estimate","confidence","estimate_pct","indicator_clean"
"excessive_hours_rds",0.837284529663637,NA,83.7284529663637,NA
"access_to_help_rds",0.593632888454803,NA,59.3632888454803,NA
"threats_abuse_rds",0.5722487861393,NA,57.22487861393,NA
"pay_issues_rds",0.496527013804293,NA,49.6527013804293,NA
"document_withholding_rds",0.342444965586162,NA,34.2444965586162,NA
