"indicator","rds_estimate","nsum_estimate","difference","ratio","rds_estimate_pct","nsum_estimate_pct","difference_pct","confidence_level"
"Excessive working hours",0.837284529663637,0.0511627906976744,-0.786121738965962,0.06110562047316,83.7284529663637,5.11627906976744,-78.6121738965962,NA
"Limited access to help",0.593632888454803,0.0395348837209302,-0.554098004733872,0.066598203182168,59.3632888454803,3.95348837209302,-55.4098004733873,NA
"Threats and abuse",0.5722487861393,0.0465116279069767,-0.525737158232323,0.0812786833865902,57.22487861393,4.65116279069767,-52.5737158232323,NA
"Pay-related issues",0.496527013804293,0.0465116279069768,-0.450015385897316,0.0936739122220436,49.6527013804293,4.65116279069767,-45.0015385897316,NA
"Document withholding",0.342444965586162,0.0290697674418605,-0.313375198144302,0.084888873726328,34.2444965586162,2.90697674418605,-31.3375198144302,NA
