"indicator","estimate","confidence","estimate_pct","indicator_base","indicator_clean","ci_lower","ci_upper","estimate_with_ci"
"whether_exploitation",0.972452234141699,"High",97.2452234141699,"whether_exploitation","Overall exploitation indicator",0.920670048401668,1,"97.2% (92.1–100.0)"
"excessive_hours_rds",0.837284529663637,NA,83.7284529663637,"excessive_hours","Excessive working hours",0.709993539748747,0.937827538934365,"83.7% (71.0–93.8)"
"access_to_help_rds",0.593632888454803,NA,59.3632888454803,"access_to_help","Limited access to help",0.439780430372139,0.739807247345017,"59.4% (44.0–74.0)"
"threats_abuse_rds",0.5722487861393,NA,57.22487861393,"threats_abuse","Threats and abuse",0.440645589003175,0.721152216453647,"57.2% (44.1–72.1)"
"pay_issues_rds",0.496527013804293,NA,49.6527013804293,"pay_issues","Pay-related issues",0.353540752046625,0.655062877391317,"49.7% (35.4–65.5)"
"composite_risk",0.369097054893396,"High",36.9097054893396,"composite_risk","Composite risk score",0.302575183020427,0.435081661148868,"36.9% (30.3–43.5)"
"document_withholding_rds",0.342444965586162,NA,34.2444965586162,"document_withholding","Document withholding",0.204786874790933,0.499271107829434,"34.2% (20.5–49.9)"
