"indicator","pop_size","pop_label","method","method_type","estimate","se","ci_lower","ci_upper","uncertainty_method","convergence_info","error_msg","indicator_clean","method_clean","uncertainty_clean","estimate_pct","ci_lower_pct","ci_upper_pct","se_pct","estimate_with_ci"
"document_withholding_rds",980000,"980K","RDS_I","frequentist",0.494048070335575,0.079339510482444,0.253326913052294,0.562382987340189,"neighb_bootstrap","No info",NA,"Document withholding","RDS-I","Neighboot",49.4048070335575,25.3326913052294,56.2382987340189,7.9339510482444,"49.4% (25.3–56.2)"
"pay_issues_rds",980000,"980K","RDS_I","frequentist",0.593007502644538,0.0743404473227799,0.342044441537509,0.632999080849663,"neighb_bootstrap","No info",NA,"Pay-related issues","RDS-I","Neighboot",59.3007502644538,34.2044441537509,63.2999080849663,7.43404473227799,"59.3% (34.2–63.3)"
"threats_abuse_rds",980000,"980K","RDS_I","frequentist",0.652240884240738,0.0819316913890694,0.408042503008109,0.725208938623298,"neighb_bootstrap","No info",NA,"Threats and abuse","RDS-I","Neighboot",65.2240884240738,40.8042503008109,72.5208938623298,8.19316913890694,"65.2% (40.8–72.5)"
"excessive_hours_rds",980000,"980K","RDS_I","frequentist",0.927528926734306,0.0556972472717464,0.712997143140551,0.929307472203025,"neighb_bootstrap","No info",NA,"Excessive working hours","RDS-I","Neighboot",92.7528926734306,71.2997143140551,92.9307472203025,5.56972472717464,"92.8% (71.3–92.9)"
"access_to_help_rds",980000,"980K","RDS_I","frequentist",0.577340378591833,0.0647769589964523,0.548338037712674,0.801416828774336,"neighb_bootstrap","No info",NA,"Limited access to help","RDS-I","Neighboot",57.7340378591833,54.8338037712674,80.1416828774336,6.47769589964523,"57.7% (54.8–80.1)"
"composite_risk",980000,"980K","RDS_I","frequentist",0.397894989053748,0.028830104972458,0.32680725896928,0.439461229382084,"neighb_bootstrap","No info",NA,"Composite risk score","RDS-I","Neighboot",39.7894989053748,32.680725896928,43.9461229382084,2.8830104972458,"39.8% (32.7–43.9)"
"whether_exploitation",980000,"980K","RDS_I","frequentist",1,0.00325355493954527,0.988981854818964,1,"neighb_bootstrap","No info",NA,"Overall exploitation indicator","RDS-I","Neighboot",100,98.8981854818964,100,0.325355493954527,"100.0% (98.9–100.0)"
