"indicator","pop_size","pop_label","method","method_type","estimate","se","ci_lower","ci_upper","uncertainty_method","convergence_info","error_msg","indicator_clean","method_clean","uncertainty_clean","estimate_pct","ci_lower_pct","ci_upper_pct","se_pct","estimate_with_ci"
"document_withholding_rds",980000,"980K","RDS_SS","frequentist",0.342444965586162,0.0795735818776294,0.251887114822715,0.561697554339508,"neighb_bootstrap","No info",NA,"Document withholding","RDS-SS","Neighboot",34.2444965586162,25.1887114822715,56.1697554339508,7.95735818776294,"34.2% (25.2–56.2)"
"pay_issues_rds",980000,"980K","RDS_SS","frequentist",0.496527013804293,0.0758835333444884,0.343085434927686,0.638144890803029,"neighb_bootstrap","No info",NA,"Pay-related issues","RDS-SS","Neighboot",49.6527013804293,34.3085434927686,63.8144890803029,7.58835333444884,"49.7% (34.3–63.8)"
"threats_abuse_rds",980000,"980K","RDS_SS","frequentist",0.5722487861393,0.0817400298117547,0.406332233274952,0.72551041819858,"neighb_bootstrap","No info",NA,"Threats and abuse","RDS-SS","Neighboot",57.22487861393,40.6332233274952,72.551041819858,8.17400298117547,"57.2% (40.6–72.6)"
"excessive_hours_rds",980000,"980K","RDS_SS","frequentist",0.837284529663637,0.0551930751883436,0.714642657180826,0.929429698129832,"neighb_bootstrap","No info",NA,"Excessive working hours","RDS-SS","Neighboot",83.7284529663637,71.4642657180826,92.9429698129832,5.51930751883436,"83.7% (71.5–92.9)"
"access_to_help_rds",980000,"980K","RDS_SS","frequentist",0.593632888454803,0.064262819695632,0.548290832681363,0.79923607526037,"neighb_bootstrap","No info",NA,"Limited access to help","RDS-SS","Neighboot",59.3632888454803,54.8290832681363,79.923607526037,6.4262819695632,"59.4% (54.8–79.9)"
"composite_risk",980000,"980K","RDS_SS","frequentist",0.369097054893396,0.0284211792805346,0.327508078100056,0.439163325194392,"neighb_bootstrap","No info",NA,"Composite risk score","RDS-SS","Neighboot",36.9097054893396,32.7508078100056,43.9163325194392,2.84211792805346,"36.9% (32.8–43.9)"
"whether_exploitation",980000,"980K","RDS_SS","frequentist",0.972452234141699,0.00317350375768923,0.989164448976667,1,"neighb_bootstrap","No info",NA,"Overall exploitation indicator","RDS-SS","Neighboot",97.2452234141699,98.9164448976667,100,0.317350375768923,"97.2% (98.9–100.0)"
