"indicator","estimate","confidence","estimate_pct","indicator_base","indicator_clean","ci_lower","ci_upper","estimate_with_ci"
"whether_exploitation",0.972452234141699,"High",97.2452234141699,"whether_exploitation","Overall exploitation indicator",0.934296584250721,1,"97.2% (93.4–100.0)"
"excessive_hours_rds",0.837284529663637,NA,83.7284529663637,"excessive_hours","Excessive working hours",0.727039380353811,0.931907371517462,"83.7% (72.7–93.2)"
"access_to_help_rds",0.593632888454803,NA,59.3632888454803,"access_to_help","Limited access to help",0.475797724893265,0.754761014665344,"59.4% (47.6–75.5)"
"threats_abuse_rds",0.5722487861393,NA,57.22487861393,"threats_abuse","Threats and abuse",0.418807627227435,0.718907188914726,"57.2% (41.9–71.9)"
"pay_issues_rds",0.496527013804293,NA,49.6527013804293,"pay_issues","Pay-related issues",0.375266971307482,0.655420082847728,"49.7% (37.5–65.5)"
"composite_risk",0.369097054893396,"High",36.9097054893396,"composite_risk","Composite risk score",0.307950198080415,0.427065440272305,"36.9% (30.8–42.7)"
"document_withholding_rds",0.342444965586162,NA,34.2444965586162,"document_withholding","Document withholding",0.209554676958052,0.483050873149018,"34.2% (21.0–48.3)"
