"Indicator","Point_Estimate","Point_Prevalence_Pct","Bootstrap_Mean","Bootstrap_SD","CI_Lower","CI_Upper","CI_Width","N_Bootstrap"
"Excessive Hours",26243.7290862375,2.67793153941199,21608.8729327391,7778.22518958361,12262.9800135845,39575.969013189,27312.9889996045,1000
"Pay Issues",24457.2549095916,2.49563825608078,22691.7556236226,8229.61786649799,12724.0639236275,40597.5275574748,27873.4636338473,1000
"Threats Abuse",23914.3215369771,2.44023689152827,21947.3408890071,8358.53308824378,12362.21939199,42414.4948648824,30052.2754728924,1000
"Access to Help",17417.3672215503,1.77728236954595,14348.9445156055,8620.71415101081,3225.15634216907,33165.0384769725,29939.8821348035,1000
"Document Withholding",10249.4356934517,1.04586078504609,4059.94789502452,3476.01177046579,464.821505235269,13333.3160499694,12868.4945447341,1000
