"outcome_variable","point_estimate","bootstrap_mean","bootstrap_se","ci_95_lower","ci_95_upper","ci_90_lower","ci_90_upper","n_valid","n_failed","prevalence_pct","estimate_with_ci","prevalence_with_ci"
"document_withholding_nsum",8120.27354633281,9357.34825163155,4277.36826679894,3230.32604075572,19575.0117722895,3832.17254242104,17241.939485832,1000,0,0.828599341462532,"8120 (3230 - 19575)","0.83% (0.33% - 2.00%)"
"pay_issues_nsum",21559.5035640627,23806.6681664048,6017.58146517335,15033.7264977159,37290.1360055375,15915.6998434294,34700.2182981591,1000,0,2.1999493432717,"21560 (15034 - 37290)","2.20% (1.53% - 3.81%)"
"threats_abuse_nsum",20141.1151716901,22087.4854817494,5638.42480987948,14324.4490604616,35525.8498649389,14809.5572500144,33157.7308949817,1000,0,2.05521583384593,"20141 (14324 - 35526)","2.06% (1.46% - 3.63%)"
"excessive_hours_nsum",22375.0768896769,24802.6603116578,6400.76809978936,15676.1583444954,39628.9537145961,16553.8529622786,36811.9452460322,1000,0,2.28317111119152,"22375 (15676 - 39629)","2.28% (1.60% - 4.04%)"
"access_to_help_nsum",15212.2155081955,17675.7762276197,7567.83718164588,6574.15743904408,34960.4494734203,7756.02016857449,31554.1534157315,1000,0,1.55226688859138,"15212 (6574 - 34960)","1.55% (0.67% - 3.57%)"
