"indicator","estimate","confidence","estimate_pct","indicator_base","indicator_clean","ci_lower","ci_upper","estimate_with_ci"
"whether_exploitation",0.972452234141699,"High",97.2452234141699,"whether_exploitation","Overall exploitation indicator",0.932417808151153,1,"97.2% (93.2–100.0)"
"excessive_hours_rds",0.837284529663637,NA,83.7284529663637,"excessive_hours","Excessive working hours",0.728336009488947,0.94733041037037,"83.7% (72.8–94.7)"
"access_to_help_rds",0.593632888454803,NA,59.3632888454803,"access_to_help","Limited access to help",0.456651372949165,0.746871283120472,"59.4% (45.7–74.7)"
"threats_abuse_rds",0.5722487861393,NA,57.22487861393,"threats_abuse","Threats and abuse",0.41504308966706,0.705003344997007,"57.2% (41.5–70.5)"
"pay_issues_rds",0.496527013804293,NA,49.6527013804293,"pay_issues","Pay-related issues",0.365500708260257,0.673103999662266,"49.7% (36.6–67.3)"
"composite_risk",0.369097054893396,"High",36.9097054893396,"composite_risk","Composite risk score",0.310552569378193,0.442127255604295,"36.9% (31.1–44.2)"
"document_withholding_rds",0.342444965586162,NA,34.2444965586162,"document_withholding","Document withholding",0.211892732794531,0.488769339138696,"34.2% (21.2–48.9)"
